{
  "funds_transfer_issues": {
    "precision": 0.7786885245901639,
    "recall": 0.5864197530864198,
    "f1-score": 0.6690140845070423,
    "support": 162,
    "confused_with": {
      "funds_transfer_cancel": 24,
      "funds_transfer": 23
    }
  },
  "funds_transfer_info": {
    "precision": 0.6699029126213593,
    "recall": 0.6448598130841121,
    "f1-score": 0.6571428571428571,
    "support": 107,
    "confused_with": {
      "funds_transfer_issues": 21,
      "funds_transfer": 9
    }
  },
  "funds_transfer": {
    "precision": 0.782608695652174,
    "recall": 0.9,
    "f1-score": 0.8372093023255814,
    "support": 140,
    "confused_with": {
      "funds_transfer_info": 9,
      "funds_transfer_cancel": 3
    }
  },
  "funds_transfer_cancel": {
    "precision": 0.7697368421052632,
    "recall": 0.9069767441860465,
    "f1-score": 0.8327402135231318,
    "support": 129,
    "confused_with": {
      "funds_transfer_info": 5,
      "funds_transfer_issues": 4
    }
  },
  "accuracy": 0.7565055762081785,
  "macro avg": {
    "precision": 0.7502342437422401,
    "recall": 0.7595640775891446,
    "f1-score": 0.7490266143746532,
    "support": 538
  },
  "weighted avg": {
    "precision": 0.7559264361653817,
    "recall": 0.7565055762081785,
    "f1-score": 0.7496791027406914,
    "support": 538
  },
  "micro avg": {
    "precision": 0.7565055762081785,
    "recall": 0.7565055762081785,
    "f1-score": 0.7565055762081785,
    "support": 538
  }
}