{
  "find_atm": {
    "precision": 0.839622641509434,
    "recall": 0.9368421052631579,
    "f1-score": 0.8855721393034826,
    "support": 95,
    "confused_with": {
      "atm_card_issues": 4,
      "atm_issues": 2
    }
  },
  "atm_card_issues": {
    "precision": 0.855072463768116,
    "recall": 0.7023809523809523,
    "f1-score": 0.7712418300653594,
    "support": 84,
    "confused_with": {
      "atm_issues": 17,
      "find_atm": 8
    }
  },
  "atm_issues": {
    "precision": 0.8347826086956521,
    "recall": 0.8648648648648649,
    "f1-score": 0.8495575221238938,
    "support": 111,
    "confused_with": {
      "find_atm": 9,
      "atm_card_issues": 6
    }
  },
  "accuracy": 0.8413793103448276,
  "macro avg": {
    "precision": 0.8431592379910674,
    "recall": 0.8346959741696584,
    "f1-score": 0.835457163830912,
    "support": 290
  },
  "weighted avg": {
    "precision": 0.842245198155639,
    "recall": 0.8413793103448276,
    "f1-score": 0.8386708686726663,
    "support": 290
  }
}